{"25": [1035426.576356058, 215708.47750849032], "20": [980957.6301213544, 166113.83169550286], "3": [992826.0954164147, 226695.6766967253], "4": [1000248.2836855762, 228298.3092956051], "16": [1004214.0439845352, 188657.53201288398], "23": [1008819.7413809987, 183460.7804870081], "18": [1008787.3316119347, 173443.51080316756], "26": [1054423.2425350049, 212717.9963988735], "32": [1006895.1698167967, 192470.89239496225], "1": [988952.4509786353, 202318.4309997029], "2": [987095.1379395023, 210542.70410151145], "24": [1013178.9222047399, 202219.43350214284], "28": [1036851.1969587662, 195628.9613036562], "10": [1008845.8110727321, 258295.0202941391], "9": [1008189.8006258132, 245065.8830871096], "7": [1006949.3221918349, 235790.44049067114], "30": [1011393.8551870013, 216959.78259271727], "12": [1017667.4294655474, 243924.23712153034], "8": [1022714.7969213917, 237308.7890929639], "14": [998121.9324939251, 199650.8938903253], "31": [947923.9119948001, 147916.42111200799], "17": [997069.2552085526, 180290.71820062993], "13": [994552.5771594604, 190230.17111200746], "15": [987418.7441204586, 181218.70071406086], "22": [1001740.2660473757, 162368.14001459582], "21": [991081.0983826279, 157637.68869012795], "11": [1026344.6177574333, 256966.2814940873], "29": [1055388.4397568335, 188398.91879267507], "19": [1017942.166879338, 181833.5946349586], "27": [1040711.4984081909, 178979.62564887386], "5": [996548.0388532034, 237031.53149408224], "6": [1001541.6608069859, 248002.3049010716]}